,Country,Subject Descriptor,Units,Scale,Country/Series-specific Notes,2015,Estimates Start After
0,Afghanistan,"Gross domestic product per capita, current prices",U.S. dollars,Units,"See notes for:  Gross domestic product, current prices (National currency) Population (Persons).",599.994,2013.0
1,Albania,"Gross domestic product per capita, current prices",U.S. dollars,Units,"See notes for:  Gross domestic product, current prices (National currency) Population (Persons).",3995.383,2010.0
2,Algeria,"Gross domestic product per capita, current prices",U.S. dollars,Units,"See notes for:  Gross domestic product, current prices (National currency) Population (Persons).",4318.135,2014.0
3,Angola,"Gross domestic product per capita, current prices",U.S. dollars,Units,"See notes for:  Gross domestic product, current prices (National currency) Population (Persons).",4100.315,2014.0
4,Antigua and Barbuda,"Gross domestic product per capita, current prices",U.S. dollars,Units,"See notes for:  Gross domestic product, current prices (National currency) Population (Persons).",14414.302,2011.0
5,Argentina,"Gross domestic product per capita, current prices",U.S. dollars,Units,"See notes for:  Gross domestic product, current prices (National currency) Population (Persons).",13588.846000000001,2013.0
6,Armenia,"Gross domestic product per capita, current prices",U.S. dollars,Units,"See notes for:  Gross domestic product, current prices (National currency) Population (Persons).",3534.86,2014.0
7,Australia,"Gross domestic product per capita, current prices",U.S. dollars,Units,"See notes for:  Gross domestic product, current prices (National currency) Population (Persons).",50961.865,2014.0
8,Austria,"Gross domestic product per capita, current prices",U.S. dollars,Units,"See notes for:  Gross domestic product, current prices (National currency) Population (Persons).",43724.030999999995,2015.0
9,Azerbaijan,"Gross domestic product per capita, current prices",U.S. dollars,Units,"See notes for:  Gross domestic product, current prices (National currency) Population (Persons).",5739.433000000001,2014.0
10,The Bahamas,"Gross domestic product per capita, current prices",U.S. dollars,Units,"See notes for:  Gross domestic product, current prices (National currency) Population (Persons).",23902.805,2013.0
11,Bahrain,"Gross domestic product per capita, current prices",U.S. dollars,Units,"See notes for:  Gross domestic product, current prices (National currency) Population (Persons).",23509.981,2014.0
12,Bangladesh,"Gross domestic product per capita, current prices",U.S. dollars,Units,"See notes for:  Gross domestic product, current prices (National currency) Population (Persons).",1286.868,2013.0
13,Barbados,"Gross domestic product per capita, current prices",U.S. dollars,Units,"See notes for:  Gross domestic product, current prices (National currency) Population (Persons).",15773.555,2010.0
14,Belarus,"Gross domestic product per capita, current prices",U.S. dollars,Units,"See notes for:  Gross domestic product, current prices (National currency) Population (Persons).",5749.119000000001,2013.0
15,Belgium,"Gross domestic product per capita, current prices",U.S. dollars,Units,"See notes for:  Gross domestic product, current prices (National currency) Population (Persons).",40106.632000000005,2014.0
16,Belize,"Gross domestic product per capita, current prices",U.S. dollars,Units,"See notes for:  Gross domestic product, current prices (National currency) Population (Persons).",4841.735,2013.0
17,Benin,"Gross domestic product per capita, current prices",U.S. dollars,Units,"See notes for:  Gross domestic product, current prices (National currency) Population (Persons).",780.063,2011.0
18,Bhutan,"Gross domestic product per capita, current prices",U.S. dollars,Units,"See notes for:  Gross domestic product, current prices (National currency) Population (Persons).",2843.402,2011.0
19,Bolivia,"Gross domestic product per capita, current prices",U.S. dollars,Units,"See notes for:  Gross domestic product, current prices (National currency) Population (Persons).",2886.2309999999998,2012.0
20,Bosnia and Herzegovina,"Gross domestic product per capita, current prices",U.S. dollars,Units,"See notes for:  Gross domestic product, current prices (National currency) Population (Persons).",4088.212,2014.0
21,Botswana,"Gross domestic product per capita, current prices",U.S. dollars,Units,"See notes for:  Gross domestic product, current prices (National currency) Population (Persons).",6040.956999999999,2008.0
22,Brazil,"Gross domestic product per capita, current prices",U.S. dollars,Units,"See notes for:  Gross domestic product, current prices (National currency) Population (Persons).",8669.998,2014.0
23,Brunei Darussalam,"Gross domestic product per capita, current prices",U.S. dollars,Units,"See notes for:  Gross domestic product, current prices (National currency) Population (Persons).",28236.64,2013.0
24,Bulgaria,"Gross domestic product per capita, current prices",U.S. dollars,Units,"See notes for:  Gross domestic product, current prices (National currency) Population (Persons).",6831.661,2014.0
25,Burkina Faso,"Gross domestic product per capita, current prices",U.S. dollars,Units,"See notes for:  Gross domestic product, current prices (National currency) Population (Persons).",614.5,2012.0
26,Burundi,"Gross domestic product per capita, current prices",U.S. dollars,Units,"See notes for:  Gross domestic product, current prices (National currency) Population (Persons).",305.783,0.0
27,Cabo Verde,"Gross domestic product per capita, current prices",U.S. dollars,Units,"See notes for:  Gross domestic product, current prices (National currency) Population (Persons).",3038.511,2014.0
28,Cambodia,"Gross domestic product per capita, current prices",U.S. dollars,Units,"See notes for:  Gross domestic product, current prices (National currency) Population (Persons).",1168.036,2012.0
29,Cameroon,"Gross domestic product per capita, current prices",U.S. dollars,Units,"See notes for:  Gross domestic product, current prices (National currency) Population (Persons).",1232.423,2010.0
30,Canada,"Gross domestic product per capita, current prices",U.S. dollars,Units,"See notes for:  Gross domestic product, current prices (National currency) Population (Persons).",43331.960999999996,2015.0
31,Central African Republic,"Gross domestic product per capita, current prices",U.S. dollars,Units,"See notes for:  Gross domestic product, current prices (National currency) Population (Persons).",334.87,2004.0
32,Chad,"Gross domestic product per capita, current prices",U.S. dollars,Units,"See notes for:  Gross domestic product, current prices (National currency) Population (Persons).",941.903,2004.0
33,Chile,"Gross domestic product per capita, current prices",U.S. dollars,Units,"See notes for:  Gross domestic product, current prices (National currency) Population (Persons).",13340.905,2014.0
34,China,"Gross domestic product per capita, current prices",U.S. dollars,Units,"See notes for:  Gross domestic product, current prices (National currency) Population (Persons).",7989.72,2015.0
35,Colombia,"Gross domestic product per capita, current prices",U.S. dollars,Units,"See notes for:  Gross domestic product, current prices (National currency) Population (Persons).",6083.51,2014.0
36,Comoros,"Gross domestic product per capita, current prices",U.S. dollars,Units,"See notes for:  Gross domestic product, current prices (National currency) Population (Persons).",736.3480000000001,2003.0
37,Democratic Republic of the Congo,"Gross domestic product per capita, current prices",U.S. dollars,Units,"See notes for:  Gross domestic product, current prices (National currency) Population (Persons).",475.916,1983.0
38,Republic of Congo,"Gross domestic product per capita, current prices",U.S. dollars,Units,"See notes for:  Gross domestic product, current prices (National currency) Population (Persons).",2032.267,2004.0
39,Costa Rica,"Gross domestic product per capita, current prices",U.S. dollars,Units,"See notes for:  Gross domestic product, current prices (National currency) Population (Persons).",10936.243,2011.0
40,Côte d'Ivoire,"Gross domestic product per capita, current prices",U.S. dollars,Units,"See notes for:  Gross domestic product, current prices (National currency) Population (Persons).",1314.6779999999999,2012.0
41,Croatia,"Gross domestic product per capita, current prices",U.S. dollars,Units,"See notes for:  Gross domestic product, current prices (National currency) Population (Persons).",11572.905,2013.0
42,Cyprus,"Gross domestic product per capita, current prices",U.S. dollars,Units,"See notes for:  Gross domestic product, current prices (National currency) Population (Persons).",22587.49,2014.0
43,Czech Republic,"Gross domestic product per capita, current prices",U.S. dollars,Units,"See notes for:  Gross domestic product, current prices (National currency) Population (Persons).",17256.918,2015.0
44,Denmark,"Gross domestic product per capita, current prices",U.S. dollars,Units,"See notes for:  Gross domestic product, current prices (National currency) Population (Persons).",52114.165,2015.0
45,Djibouti,"Gross domestic product per capita, current prices",U.S. dollars,Units,"See notes for:  Gross domestic product, current prices (National currency) Population (Persons).",1788.3629999999998,2009.0
46,Dominica,"Gross domestic product per capita, current prices",U.S. dollars,Units,"See notes for:  Gross domestic product, current prices (National currency) Population (Persons).",7030.145,2011.0
47,Dominican Republic,"Gross domestic product per capita, current prices",U.S. dollars,Units,"See notes for:  Gross domestic product, current prices (National currency) Population (Persons).",6755.736,2014.0
48,Ecuador,"Gross domestic product per capita, current prices",U.S. dollars,Units,"See notes for:  Gross domestic product, current prices (National currency) Population (Persons).",6070.951,2014.0
49,Egypt,"Gross domestic product per capita, current prices",U.S. dollars,Units,"See notes for:  Gross domestic product, current prices (National currency) Population (Persons).",3740.2490000000003,2014.0
50,El Salvador,"Gross domestic product per capita, current prices",U.S. dollars,Units,"See notes for:  Gross domestic product, current prices (National currency) Population (Persons).",4040.317,2007.0
51,Equatorial Guinea,"Gross domestic product per capita, current prices",U.S. dollars,Units,"See notes for:  Gross domestic product, current prices (National currency) Population (Persons).",11762.386,2010.0
52,Eritrea,"Gross domestic product per capita, current prices",U.S. dollars,Units,"See notes for:  Gross domestic product, current prices (National currency) Population (Persons).",694.753,2006.0
53,Estonia,"Gross domestic product per capita, current prices",U.S. dollars,Units,"See notes for:  Gross domestic product, current prices (National currency) Population (Persons).",17288.083,2014.0
54,Ethiopia,"Gross domestic product per capita, current prices",U.S. dollars,Units,"See notes for:  Gross domestic product, current prices (National currency) Population (Persons).",686.5930000000001,2008.0
55,Fiji,"Gross domestic product per capita, current prices",U.S. dollars,Units,"See notes for:  Gross domestic product, current prices (National currency) Population (Persons).",5373.633000000001,2013.0
56,Finland,"Gross domestic product per capita, current prices",U.S. dollars,Units,"See notes for:  Gross domestic product, current prices (National currency) Population (Persons).",41973.988,2014.0
57,France,"Gross domestic product per capita, current prices",U.S. dollars,Units,"See notes for:  Gross domestic product, current prices (National currency) Population (Persons).",37675.006,2015.0
58,Gabon,"Gross domestic product per capita, current prices",U.S. dollars,Units,"See notes for:  Gross domestic product, current prices (National currency) Population (Persons).",7735.939,0.0
59,The Gambia,"Gross domestic product per capita, current prices",U.S. dollars,Units,"See notes for:  Gross domestic product, current prices (National currency) Population (Persons).",450.85900000000004,2010.0
60,Georgia,"Gross domestic product per capita, current prices",U.S. dollars,Units,"See notes for:  Gross domestic product, current prices (National currency) Population (Persons).",3788.6240000000003,2013.0
61,Germany,"Gross domestic product per capita, current prices",U.S. dollars,Units,"See notes for:  Gross domestic product, current prices (National currency) Population (Persons).",40996.511,2014.0
62,Ghana,"Gross domestic product per capita, current prices",U.S. dollars,Units,"See notes for:  Gross domestic product, current prices (National currency) Population (Persons).",1340.4160000000002,0.0
63,Greece,"Gross domestic product per capita, current prices",U.S. dollars,Units,"See notes for:  Gross domestic product, current prices (National currency) Population (Persons).",18064.288,2014.0
64,Grenada,"Gross domestic product per capita, current prices",U.S. dollars,Units,"See notes for:  Gross domestic product, current prices (National currency) Population (Persons).",8936.578000000001,2011.0
65,Guatemala,"Gross domestic product per capita, current prices",U.S. dollars,Units,"See notes for:  Gross domestic product, current prices (National currency) Population (Persons).",3929.0809999999997,2010.0
66,Guinea,"Gross domestic product per capita, current prices",U.S. dollars,Units,"See notes for:  Gross domestic product, current prices (National currency) Population (Persons).",542.4169999999999,2009.0
67,Guinea-Bissau,"Gross domestic product per capita, current prices",U.S. dollars,Units,"See notes for:  Gross domestic product, current prices (National currency) Population (Persons).",594.94,2004.0
68,Guyana,"Gross domestic product per capita, current prices",U.S. dollars,Units,"See notes for:  Gross domestic product, current prices (National currency) Population (Persons).",4125.021,2002.0
69,Haiti,"Gross domestic product per capita, current prices",U.S. dollars,Units,"See notes for:  Gross domestic product, current prices (National currency) Population (Persons).",804.564,0.0
70,Honduras,"Gross domestic product per capita, current prices",U.S. dollars,Units,"See notes for:  Gross domestic product, current prices (National currency) Population (Persons).",2406.615,2001.0
71,Hong Kong SAR,"Gross domestic product per capita, current prices",U.S. dollars,Units,"See notes for:  Gross domestic product, current prices (National currency) Population (Persons).",42389.63,2015.0
72,Hungary,"Gross domestic product per capita, current prices",U.S. dollars,Units,"See notes for:  Gross domestic product, current prices (National currency) Population (Persons).",12239.893999999998,2015.0
73,Iceland,"Gross domestic product per capita, current prices",U.S. dollars,Units,"See notes for:  Gross domestic product, current prices (National currency) Population (Persons).",50854.583,2014.0
74,India,"Gross domestic product per capita, current prices",U.S. dollars,Units,"See notes for:  Gross domestic product, current prices (National currency) Population (Persons).",1617.309,2013.0
75,Indonesia,"Gross domestic product per capita, current prices",U.S. dollars,Units,"See notes for:  Gross domestic product, current prices (National currency) Population (Persons).",3362.357,2014.0
76,Islamic Republic of Iran,"Gross domestic product per capita, current prices",U.S. dollars,Units,"See notes for:  Gross domestic product, current prices (National currency) Population (Persons).",4877.069,2012.0
77,Iraq,"Gross domestic product per capita, current prices",U.S. dollars,Units,"See notes for:  Gross domestic product, current prices (National currency) Population (Persons).",4819.487,2013.0
78,Ireland,"Gross domestic product per capita, current prices",U.S. dollars,Units,"See notes for:  Gross domestic product, current prices (National currency) Population (Persons).",51350.744000000006,2014.0
79,Israel,"Gross domestic product per capita, current prices",U.S. dollars,Units,"See notes for:  Gross domestic product, current prices (National currency) Population (Persons).",35343.336,2015.0
80,Italy,"Gross domestic product per capita, current prices",U.S. dollars,Units,"See notes for:  Gross domestic product, current prices (National currency) Population (Persons).",29866.581000000002,2015.0
81,Jamaica,"Gross domestic product per capita, current prices",U.S. dollars,Units,"See notes for:  Gross domestic product, current prices (National currency) Population (Persons).",4948.018,2014.0
82,Japan,"Gross domestic product per capita, current prices",U.S. dollars,Units,"See notes for:  Gross domestic product, current prices (National currency) Population (Persons).",32485.545,2015.0
83,Jordan,"Gross domestic product per capita, current prices",U.S. dollars,Units,"See notes for:  Gross domestic product, current prices (National currency) Population (Persons).",5513.009,2014.0
84,Kazakhstan,"Gross domestic product per capita, current prices",U.S. dollars,Units,"See notes for:  Gross domestic product, current prices (National currency) Population (Persons).",9795.629,2014.0
85,Kenya,"Gross domestic product per capita, current prices",U.S. dollars,Units,"See notes for:  Gross domestic product, current prices (National currency) Population (Persons).",1388.45,2013.0
86,Kiribati,"Gross domestic product per capita, current prices",U.S. dollars,Units,"See notes for:  Gross domestic product, current prices (National currency) Population (Persons).",1427.619,2013.0
87,Korea,"Gross domestic product per capita, current prices",U.S. dollars,Units,"See notes for:  Gross domestic product, current prices (National currency) Population (Persons).",27195.197,2014.0
88,Kosovo,"Gross domestic product per capita, current prices",U.S. dollars,Units,,,
89,Kuwait,"Gross domestic product per capita, current prices",U.S. dollars,Units,"See notes for:  Gross domestic product, current prices (National currency) Population (Persons).",29363.027000000002,2014.0
90,Kyrgyz Republic,"Gross domestic product per capita, current prices",U.S. dollars,Units,"See notes for:  Gross domestic product, current prices (National currency) Population (Persons).",1112.81,2012.0
91,Lao P.D.R.,"Gross domestic product per capita, current prices",U.S. dollars,Units,"See notes for:  Gross domestic product, current prices (National currency) Population (Persons).",1778.713,2012.0
92,Latvia,"Gross domestic product per capita, current prices",U.S. dollars,Units,"See notes for:  Gross domestic product, current prices (National currency) Population (Persons).",13618.569,2015.0
93,Lebanon,"Gross domestic product per capita, current prices",U.S. dollars,Units,"See notes for:  Gross domestic product, current prices (National currency) Population (Persons).",11236.793,2012.0
94,Lesotho,"Gross domestic product per capita, current prices",U.S. dollars,Units,"See notes for:  Gross domestic product, current prices (National currency) Population (Persons).",1051.606,2006.0
95,Liberia,"Gross domestic product per capita, current prices",U.S. dollars,Units,"See notes for:  Gross domestic product, current prices (National currency) Population (Persons).",473.63599999999997,2009.0
96,Libya,"Gross domestic product per capita, current prices",U.S. dollars,Units,"See notes for:  Gross domestic product, current prices (National currency) Population (Persons).",6058.670999999999,2014.0
97,Lithuania,"Gross domestic product per capita, current prices",U.S. dollars,Units,"See notes for:  Gross domestic product, current prices (National currency) Population (Persons).",14210.28,2015.0
98,Luxembourg,"Gross domestic product per capita, current prices",U.S. dollars,Units,"See notes for:  Gross domestic product, current prices (National currency) Population (Persons).",101994.09300000001,2014.0
99,FYR Macedonia,"Gross domestic product per capita, current prices",U.S. dollars,Units,"See notes for:  Gross domestic product, current prices (National currency) Population (Persons).",4786.84,2014.0
100,Madagascar,"Gross domestic product per capita, current prices",U.S. dollars,Units,"See notes for:  Gross domestic product, current prices (National currency) Population (Persons).",401.77099999999996,2006.0
101,Malawi,"Gross domestic product per capita, current prices",U.S. dollars,Units,"See notes for:  Gross domestic product, current prices (National currency) Population (Persons).",354.275,2011.0
102,Malaysia,"Gross domestic product per capita, current prices",U.S. dollars,Units,"See notes for:  Gross domestic product, current prices (National currency) Population (Persons).",9556.774,2014.0
103,Maldives,"Gross domestic product per capita, current prices",U.S. dollars,Units,"See notes for:  Gross domestic product, current prices (National currency) Population (Persons).",8999.971,2006.0
104,Mali,"Gross domestic product per capita, current prices",U.S. dollars,Units,"See notes for:  Gross domestic product, current prices (National currency) Population (Persons).",801.8439999999999,2010.0
105,Malta,"Gross domestic product per capita, current prices",U.S. dollars,Units,"See notes for:  Gross domestic product, current prices (National currency) Population (Persons).",22828.897,2014.0
106,Marshall Islands,"Gross domestic product per capita, current prices",U.S. dollars,Units,"See notes for:  Gross domestic product, current prices (National currency) Population (Persons).",3355.547,2013.0
107,Mauritania,"Gross domestic product per capita, current prices",U.S. dollars,Units,"See notes for:  Gross domestic product, current prices (National currency) Population (Persons).",1282.3310000000001,2012.0
108,Mauritius,"Gross domestic product per capita, current prices",U.S. dollars,Units,"See notes for:  Gross domestic product, current prices (National currency) Population (Persons).",9218.428,2014.0
109,Mexico,"Gross domestic product per capita, current prices",U.S. dollars,Units,"See notes for:  Gross domestic product, current prices (National currency) Population (Persons).",9009.28,2015.0
110,Micronesia,"Gross domestic product per capita, current prices",U.S. dollars,Units,"See notes for:  Gross domestic product, current prices (National currency) Population (Persons).",3072.685,2013.0
111,Moldova,"Gross domestic product per capita, current prices",U.S. dollars,Units,"See notes for:  Gross domestic product, current prices (National currency) Population (Persons).",1804.685,2015.0
112,Mongolia,"Gross domestic product per capita, current prices",U.S. dollars,Units,"See notes for:  Gross domestic product, current prices (National currency) Population (Persons).",3951.906,2014.0
113,Montenegro,"Gross domestic product per capita, current prices",U.S. dollars,Units,"See notes for:  Gross domestic product, current prices (National currency) Population (Persons).",6489.101,2014.0
114,Morocco,"Gross domestic product per capita, current prices",U.S. dollars,Units,"See notes for:  Gross domestic product, current prices (National currency) Population (Persons).",3078.593,2014.0
115,Mozambique,"Gross domestic product per capita, current prices",U.S. dollars,Units,"See notes for:  Gross domestic product, current prices (National currency) Population (Persons).",534.879,2013.0
116,Myanmar,"Gross domestic product per capita, current prices",U.S. dollars,Units,"See notes for:  Gross domestic product, current prices (National currency) Population (Persons).",1291.963,2007.0
117,Namibia,"Gross domestic product per capita, current prices",U.S. dollars,Units,"See notes for:  Gross domestic product, current prices (National currency) Population (Persons).",5776.903,2008.0
118,Nepal,"Gross domestic product per capita, current prices",U.S. dollars,Units,"See notes for:  Gross domestic product, current prices (National currency) Population (Persons).",751.12,2012.0
119,Netherlands,"Gross domestic product per capita, current prices",U.S. dollars,Units,"See notes for:  Gross domestic product, current prices (National currency) Population (Persons).",43603.115,2014.0
120,New Zealand,"Gross domestic product per capita, current prices",U.S. dollars,Units,"See notes for:  Gross domestic product, current prices (National currency) Population (Persons).",37044.891,2015.0
121,Nicaragua,"Gross domestic product per capita, current prices",U.S. dollars,Units,"See notes for:  Gross domestic product, current prices (National currency) Population (Persons).",1949.2320000000002,2013.0
122,Niger,"Gross domestic product per capita, current prices",U.S. dollars,Units,"See notes for:  Gross domestic product, current prices (National currency) Population (Persons).",405.213,2009.0
123,Nigeria,"Gross domestic product per capita, current prices",U.S. dollars,Units,"See notes for:  Gross domestic product, current prices (National currency) Population (Persons).",2742.861,2012.0
124,Norway,"Gross domestic product per capita, current prices",U.S. dollars,Units,"See notes for:  Gross domestic product, current prices (National currency) Population (Persons).",74822.106,2015.0
125,Oman,"Gross domestic product per capita, current prices",U.S. dollars,Units,"See notes for:  Gross domestic product, current prices (National currency) Population (Persons).",15232.961000000001,2012.0
126,Pakistan,"Gross domestic product per capita, current prices",U.S. dollars,Units,"See notes for:  Gross domestic product, current prices (National currency) Population (Persons).",1449.9779999999998,2015.0
127,Palau,"Gross domestic product per capita, current prices",U.S. dollars,Units,"See notes for:  Gross domestic product, current prices (National currency) Population (Persons).",16070.421,2014.0
128,Panama,"Gross domestic product per capita, current prices",U.S. dollars,Units,"See notes for:  Gross domestic product, current prices (National currency) Population (Persons).",13012.562,2013.0
129,Papua New Guinea,"Gross domestic product per capita, current prices",U.S. dollars,Units,"See notes for:  Gross domestic product, current prices (National currency) Population (Persons).",2084.7129999999997,2012.0
130,Paraguay,"Gross domestic product per capita, current prices",U.S. dollars,Units,"See notes for:  Gross domestic product, current prices (National currency) Population (Persons).",4009.567,2014.0
131,Peru,"Gross domestic product per capita, current prices",U.S. dollars,Units,"See notes for:  Gross domestic product, current prices (National currency) Population (Persons).",6021.104,2015.0
132,Philippines,"Gross domestic product per capita, current prices",U.S. dollars,Units,"See notes for:  Gross domestic product, current prices (National currency) Population (Persons).",2858.1440000000002,2015.0
133,Poland,"Gross domestic product per capita, current prices",U.S. dollars,Units,"See notes for:  Gross domestic product, current prices (National currency) Population (Persons).",12495.333999999999,2014.0
134,Portugal,"Gross domestic product per capita, current prices",U.S. dollars,Units,"See notes for:  Gross domestic product, current prices (National currency) Population (Persons).",19121.592,2014.0
135,Qatar,"Gross domestic product per capita, current prices",U.S. dollars,Units,"See notes for:  Gross domestic product, current prices (National currency) Population (Persons).",76576.08,2014.0
136,Romania,"Gross domestic product per capita, current prices",U.S. dollars,Units,"See notes for:  Gross domestic product, current prices (National currency) Population (Persons).",8906.296,2015.0
137,Russia,"Gross domestic product per capita, current prices",U.S. dollars,Units,"See notes for:  Gross domestic product, current prices (National currency) Population (Persons).",9054.914,2015.0
138,Rwanda,"Gross domestic product per capita, current prices",U.S. dollars,Units,"See notes for:  Gross domestic product, current prices (National currency) Population (Persons).",731.512,2012.0
139,Samoa,"Gross domestic product per capita, current prices",U.S. dollars,Units,"See notes for:  Gross domestic product, current prices (National currency) Population (Persons).",4334.217000000001,2011.0
140,San Marino,"Gross domestic product per capita, current prices",U.S. dollars,Units,"See notes for:  Gross domestic product, current prices (National currency) Population (Persons).",49846.89599999999,2014.0
141,São Tomé and Príncipe,"Gross domestic product per capita, current prices",U.S. dollars,Units,"See notes for:  Gross domestic product, current prices (National currency) Population (Persons).",1568.9679999999998,2011.0
142,Saudi Arabia,"Gross domestic product per capita, current prices",U.S. dollars,Units,"See notes for:  Gross domestic product, current prices (National currency) Population (Persons).",20812.586,2010.0
143,Senegal,"Gross domestic product per capita, current prices",U.S. dollars,Units,"See notes for:  Gross domestic product, current prices (National currency) Population (Persons).",913.0239999999999,2011.0
144,Serbia,"Gross domestic product per capita, current prices",U.S. dollars,Units,"See notes for:  Gross domestic product, current prices (National currency) Population (Persons).",5119.7570000000005,2014.0
145,Seychelles,"Gross domestic product per capita, current prices",U.S. dollars,Units,"See notes for:  Gross domestic product, current prices (National currency) Population (Persons).",14940.706,2013.0
146,Sierra Leone,"Gross domestic product per capita, current prices",U.S. dollars,Units,"See notes for:  Gross domestic product, current prices (National currency) Population (Persons).",659.438,2014.0
147,Singapore,"Gross domestic product per capita, current prices",U.S. dollars,Units,"See notes for:  Gross domestic product, current prices (National currency) Population (Persons).",52887.77,2014.0
148,Slovak Republic,"Gross domestic product per capita, current prices",U.S. dollars,Units,"See notes for:  Gross domestic product, current prices (National currency) Population (Persons).",15991.736,2015.0
149,Slovenia,"Gross domestic product per capita, current prices",U.S. dollars,Units,"See notes for:  Gross domestic product, current prices (National currency) Population (Persons).",20732.482,2015.0
150,Solomon Islands,"Gross domestic product per capita, current prices",U.S. dollars,Units,"See notes for:  Gross domestic product, current prices (National currency) Population (Persons).",1952.481,2014.0
151,South Africa,"Gross domestic product per capita, current prices",U.S. dollars,Units,"See notes for:  Gross domestic product, current prices (National currency) Population (Persons).",5694.571999999999,2014.0
152,South Sudan,"Gross domestic product per capita, current prices",U.S. dollars,Units,"See notes for:  Gross domestic product, current prices (National currency) Population (Persons).",220.86,2008.0
153,Spain,"Gross domestic product per capita, current prices",U.S. dollars,Units,"See notes for:  Gross domestic product, current prices (National currency) Population (Persons).",25864.721,2014.0
154,Sri Lanka,"Gross domestic product per capita, current prices",U.S. dollars,Units,"See notes for:  Gross domestic product, current prices (National currency) Population (Persons).",3889.4109999999996,2012.0
155,St. Kitts and Nevis,"Gross domestic product per capita, current prices",U.S. dollars,Units,"See notes for:  Gross domestic product, current prices (National currency) Population (Persons).",16109.707,2003.0
156,St. Lucia,"Gross domestic product per capita, current prices",U.S. dollars,Units,"See notes for:  Gross domestic product, current prices (National currency) Population (Persons).",8191.984,2012.0
157,St. Vincent and the Grenadines,"Gross domestic product per capita, current prices",U.S. dollars,Units,"See notes for:  Gross domestic product, current prices (National currency) Population (Persons).",6882.286,2014.0
158,Sudan,"Gross domestic product per capita, current prices",U.S. dollars,Units,"See notes for:  Gross domestic product, current prices (National currency) Population (Persons).",2175.397,2010.0
159,Suriname,"Gross domestic product per capita, current prices",U.S. dollars,Units,"See notes for:  Gross domestic product, current prices (National currency) Population (Persons).",9305.687,2011.0
160,Swaziland,"Gross domestic product per capita, current prices",U.S. dollars,Units,"See notes for:  Gross domestic product, current prices (National currency) Population (Persons).",3139.664,2014.0
161,Sweden,"Gross domestic product per capita, current prices",U.S. dollars,Units,"See notes for:  Gross domestic product, current prices (National currency) Population (Persons).",49866.265999999996,2014.0
162,Switzerland,"Gross domestic product per capita, current prices",U.S. dollars,Units,"See notes for:  Gross domestic product, current prices (National currency) Population (Persons).",80675.308,2015.0
163,Syria,"Gross domestic product per capita, current prices",U.S. dollars,Units,"See notes for:  Gross domestic product, current prices (National currency) Population (Persons).",,2010.0
164,Taiwan Province of China,"Gross domestic product per capita, current prices",U.S. dollars,Units,"See notes for:  Gross domestic product, current prices (National currency) Population (Persons).",22287.562,2015.0
165,Tajikistan,"Gross domestic product per capita, current prices",U.S. dollars,Units,"See notes for:  Gross domestic product, current prices (National currency) Population (Persons).",922.072,2014.0
166,Tanzania,"Gross domestic product per capita, current prices",U.S. dollars,Units,"See notes for:  Gross domestic product, current prices (National currency) Population (Persons).",941.804,2012.0
167,Thailand,"Gross domestic product per capita, current prices",U.S. dollars,Units,"See notes for:  Gross domestic product, current prices (National currency) Population (Persons).",5742.281999999999,2014.0
168,Timor-Leste,"Gross domestic product per capita, current prices",U.S. dollars,Units,"See notes for:  Gross domestic product, current prices (National currency) Population (Persons).",2244.3070000000002,2011.0
169,Togo,"Gross domestic product per capita, current prices",U.S. dollars,Units,"See notes for:  Gross domestic product, current prices (National currency) Population (Persons).",569.435,2010.0
170,Tonga,"Gross domestic product per capita, current prices",U.S. dollars,Units,"See notes for:  Gross domestic product, current prices (National currency) Population (Persons).",3972.741,2012.0
171,Trinidad and Tobago,"Gross domestic product per capita, current prices",U.S. dollars,Units,"See notes for:  Gross domestic product, current prices (National currency) Population (Persons).",18085.759,2012.0
172,Tunisia,"Gross domestic product per capita, current prices",U.S. dollars,Units,"See notes for:  Gross domestic product, current prices (National currency) Population (Persons).",3922.653,2010.0
173,Turkey,"Gross domestic product per capita, current prices",U.S. dollars,Units,"See notes for:  Gross domestic product, current prices (National currency) Population (Persons).",9437.372,2013.0
174,Turkmenistan,"Gross domestic product per capita, current prices",U.S. dollars,Units,"See notes for:  Gross domestic product, current prices (National currency) Population (Persons).",6622.414000000001,2004.0
175,Tuvalu,"Gross domestic product per capita, current prices",U.S. dollars,Units,"See notes for:  Gross domestic product, current prices (National currency) Population (Persons).",3014.63,2012.0
176,Uganda,"Gross domestic product per capita, current prices",U.S. dollars,Units,"See notes for:  Gross domestic product, current prices (National currency) Population (Persons).",620.2130000000001,2014.0
177,Ukraine,"Gross domestic product per capita, current prices",U.S. dollars,Units,"See notes for:  Gross domestic product, current prices (National currency) Population (Persons).",2004.918,2015.0
178,United Arab Emirates,"Gross domestic product per capita, current prices",U.S. dollars,Units,"See notes for:  Gross domestic product, current prices (National currency) Population (Persons).",36060.015,2010.0
179,United Kingdom,"Gross domestic product per capita, current prices",U.S. dollars,Units,"See notes for:  Gross domestic product, current prices (National currency) Population (Persons).",43770.687999999995,2015.0
180,United States,"Gross domestic product per capita, current prices",U.S. dollars,Units,"See notes for:  Gross domestic product, current prices (National currency) Population (Persons).",55805.204000000005,2015.0
181,Uruguay,"Gross domestic product per capita, current prices",U.S. dollars,Units,"See notes for:  Gross domestic product, current prices (National currency) Population (Persons).",15748.192,2014.0
182,Uzbekistan,"Gross domestic product per capita, current prices",U.S. dollars,Units,"See notes for:  Gross domestic product, current prices (National currency) Population (Persons).",2120.778,2013.0
183,Vanuatu,"Gross domestic product per capita, current prices",U.S. dollars,Units,"See notes for:  Gross domestic product, current prices (National currency) Population (Persons).",2847.113,2014.0
184,Venezuela,"Gross domestic product per capita, current prices",U.S. dollars,Units,"See notes for:  Gross domestic product, current prices (National currency) Population (Persons).",7744.746,2010.0
185,Vietnam,"Gross domestic product per capita, current prices",U.S. dollars,Units,"See notes for:  Gross domestic product, current prices (National currency) Population (Persons).",2088.344,2012.0
186,Yemen,"Gross domestic product per capita, current prices",U.S. dollars,Units,"See notes for:  Gross domestic product, current prices (National currency) Population (Persons).",1302.94,2008.0
187,Zambia,"Gross domestic product per capita, current prices",U.S. dollars,Units,"See notes for:  Gross domestic product, current prices (National currency) Population (Persons).",1350.151,2010.0
188,Zimbabwe,"Gross domestic product per capita, current prices",U.S. dollars,Units,"See notes for:  Gross domestic product, current prices (National currency) Population (Persons).",1064.35,2012.0
189,"International Monetary Fund, World Economic Outlook Database, April 2016",,,,,,
